AGC,1.0000,0.0000,5,0,0
AGA,0.5714,0.0000,4,0,3
XBR,1.0000,0.0000,1,0,0
NYK,1.0000,0.0000,1,0,0
NYC,0.1979,0.8021,37,150,0
AGU,0.1475,0.1148,9,7,45
AGT,1.0000,0.0000,1,0,0
AGS,0.3850,0.1106,87,25,114
AGR,1.0000,0.0000,5,0,0
AGP,0.3810,0.1111,24,7,32
BWT,1.0000,0.0000,1,0,0
SPQ,0.0000,1.0000,0,1,0
SPR,0.1429,0.0000,1,0,6
SPS,0.8485,0.0606,28,2,3
SPU,0.4583,0.0417,11,1,12
SPI,0.5854,0.0732,48,6,28
BWD,1.0000,0.0000,1,0,0
SPN,0.3846,0.3077,5,4,4
BWG,0.8000,0.2000,4,1,0
BWI,0.4808,0.1380,913,262,724
SPB,1.0000,0.0000,1,0,0
SPC,0.0000,1.0000,0,2,0
BWN,0.0000,0.0000,0,0,1
SPG,0.0000,1.0000,0,5,0
IXJ,0.0000,0.0000,0,0,1
IXL,0.0000,0.0000,0,0,1
IXM,0.3333,0.0000,1,0,2
IXB,0.3333,0.0000,1,0,2
IXC,0.3750,0.0000,3,0,5
VTZ,0.2500,0.0000,1,0,3
IXD,0.0000,0.0000,0,0,1
IXE,0.0000,0.0000,0,0,5
BYI,1.0000,0.0000,2,0,0
IXR,0.0000,0.0000,0,0,1
NYU,1.0000,0.0000,4,0,0
IXU,0.0000,0.0000,0,0,2
PQC,0.6667,0.0000,6,0,3
SNC,0.0000,0.0000,0,0,1
JNU,0.2812,0.1875,9,6,17
SNA,0.6752,0.1129,1962,328,616
SNN,0.4500,0.3167,27,19,14
PQI,0.0000,0.0000,0,0,6
JNX,0.8000,0.0000,8,0,2
PQM,1.0000,0.0000,2,0,0
MAA,0.2419,0.0000,30,0,94
JNB,0.3421,0.1158,65,22,103
MAD,0.4446,0.0572,241,31,270
MAF,0.7244,0.1244,163,28,34
MAH,0.0000,0.0000,0,0,1
MAM,0.6667,0.3333,2,1,0
MAO,0.1667,0.0000,1,0,5
MAN,0.3628,0.1150,41,13,59
BEH,0.0000,1.0000,0,2,0
EVN,0.4444,0.0000,8,0,10
BEB,0.0000,0.0000,0,0,1
BEG,0.1852,0.0741,5,2,20
BED,0.1111,0.8889,1,8,0
YBW,1.0000,0.0000,1,0,0
HIA,1.0000,0.0000,1,0,0
BEY,0.1449,0.0290,30,6,171
BER,0.7000,0.3000,7,3,0
YBA,0.0000,1.0000,0,1,0
YBC,1.0000,0.0000,1,0,0
EVV,0.7159,0.0455,63,4,21
YBG,1.0000,0.0000,1,0,0
VLI,0.6667,0.0000,2,0,1
LSE,0.7326,0.0233,63,2,21
LSC,0.5000,0.0000,1,0,1
VLN,0.0000,0.0000,0,0,10
VLC,0.3830,0.1064,18,5,24
VLD,0.7465,0.0845,53,6,12
TTJ,1.0000,0.0000,1,0,0
LST,0.4000,0.2000,2,1,2
TTN,0.3380,0.4225,24,30,17
LSP,0.0000,0.0000,0,0,1
GRU,0.1961,0.0784,20,8,74
GRR,0.5696,0.0987,225,39,131
GRS,0.0000,1.0000,0,1,0
GRQ,1.0000,0.0000,3,0,0
GRZ,0.5000,0.0000,2,0,2
GRX,0.7568,0.0541,28,2,7
GRB,0.7784,0.0625,137,11,28
GRO,1.0000,0.0000,3,0,0
GRJ,0.6250,0.0000,5,0,3
GRK,0.2500,0.2885,13,15,24
GRI,0.8140,0.0233,35,1,7
TJA,0.0000,0.0000,0,0,1
HLZ,0.8750,0.1250,7,1,0
HLY,0.0000,1.0000,0,1,0
NOC,1.0000,0.0000,2,0,0
HLN,0.4500,0.0500,18,2,20
HLM,0.0000,1.0000,0,1,0
KKN,0.4000,0.2000,2,1,2
KKJ,1.0000,0.0000,3,0,0
HLG,1.0000,0.0000,2,0,0
NOU,0.2000,0.4000,1,2,2
BJX,0.2781,0.1176,52,22,113
HLA,0.0000,0.0000,0,0,4
CTU,0.1944,0.0000,7,0,29
CTS,0.5439,0.0877,31,5,21
ENW,0.0000,1.0000,0,1,0
CTD,0.0000,1.0000,0,1,0
CTG,0.5685,0.0411,83,6,57
CTA,0.4762,0.2857,10,6,5
CTM,0.7368,0.1053,14,2,3
MLN,0.0000,0.0000,0,0,1
SPA,1.0000,0.0000,2,0,0
BWK,0.0000,0.0000,0,0,1
ORY,0.6518,0.0134,146,3,75
RLD,0.6667,0.3333,2,1,0
RLG,0.0000,0.0000,0,0,2
EDI,0.5306,0.1224,78,18,51
LMT,0.7857,0.0714,22,2,4
ORQ,0.0000,1.0000,0,1,0
ORN,0.3333,0.0000,1,0,2
ORL,0.0909,0.9091,10,100,0
ORK,0.7917,0.1250,19,3,2
ORH,0.8261,0.1304,19,3,1
ORF,0.5205,0.1380,381,101,250
ORG,1.0000,0.0000,1,0,0
ORD,0.4191,0.0559,2390,319,2994
DPS,0.3447,0.0000,71,0,135
LOZ,1.0000,0.0000,5,0,0
UKI,0.0000,1.0000,0,1,0
GIS,1.0000,0.0000,1,0,0
ONH,1.0000,0.0000,2,0,0
OND,1.0000,0.0000,1,0,0
ONP,1.0000,0.0000,13,0,0
ONT,0.6265,0.1602,837,214,285
RZE,0.0000,0.0000,0,0,1
RZZ,1.0000,0.0000,1,0,0
PNX,1.0000,0.0000,1,0,0
PNQ,0.4800,0.0000,12,0,13
PNS,0.5151,0.1357,205,54,139
CFE,0.2500,0.2500,1,1,2
PNT,0.0000,1.0000,0,1,0
PNH,0.2667,0.0000,12,0,33
PNL,0.0000,0.0000,0,0,2
PNA,1.0000,0.0000,2,0,0
PNC,1.0000,0.0000,3,0,0
CFU,0.5000,0.0000,1,0,1
CFR,1.0000,0.0000,8,0,0
CFS,0.0000,0.0000,0,0,1
XQP,0.0000,1.0000,0,1,0
PRG,0.4945,0.0332,134,9,128
SAO,0.5000,0.5000,2,2,0
SAN,0.5343,0.1351,2207,558,1366
PRC,0.8095,0.1190,34,5,3
SAL,0.1105,0.0939,20,17,144
SAC,0.6667,0.3333,46,23,0
PRN,0.0000,0.0000,0,0,8
PRI,0.0000,0.0000,0,0,1
SAF,0.7804,0.0888,167,19,28
JOG,0.2500,0.0000,3,0,9
SAP,0.1724,0.1379,15,12,60
SAW,0.0968,0.0000,3,0,28
SAV,0.6769,0.0930,597,82,203
SAT,0.6214,0.0938,1318,199,604
CHA,0.6676,0.1257,239,45,74
CHC,0.5889,0.1111,53,10,27
MRY,0.8912,0.0387,598,26,47
MRZ,0.0000,1.0000,0,1,0
NPL,1.0000,0.0000,3,0,0
CHI,0.1404,0.8596,25,153,0
JAU,0.2500,0.0000,1,0,3
MRS,0.5952,0.1190,25,5,12
JAN,0.6634,0.1230,205,38,66
CHQ,0.2000,0.1000,2,1,7
JAL,1.0000,0.0000,1,0,0
CHS,0.4946,0.1173,409,97,321
MRK,0.0000,1.0000,0,6,0
JAE,0.0000,0.0000,0,0,1
JAC,0.4581,0.1788,82,32,65
ZIH,0.2679,0.0714,15,4,37
UYU,0.0000,0.0000,0,0,1
APW,0.6000,0.1000,6,1,3
APN,0.5000,0.0000,3,0,3
DBQ,0.9091,0.0390,70,3,4
APC,0.7778,0.2222,7,2,0
APF,0.8125,0.1875,65,15,0
DBV,0.4167,0.0417,10,1,13
YSJ,0.7500,0.0000,3,0,1
MAZ,0.3810,0.5238,8,11,2
YSB,0.3333,0.0000,3,0,6
TKF,1.0000,0.0000,2,0,0
PQQ,0.5000,0.0000,1,0,1
HMT,0.0000,1.0000,0,2,0
TKK,0.0000,0.0000,0,0,1
NLA,0.0000,0.0000,0,0,2
HMO,0.5833,0.0208,28,1,19
NLD,0.5455,0.0909,6,1,4
TKX,1.0000,0.0000,4,0,0
SNS,1.0000,0.0000,6,0,0
DLC,0.0000,0.0000,0,0,8
DLA,0.2500,0.0000,2,0,6
DLG,0.0000,0.0000,0,0,1
GCK,0.5625,0.0625,9,1,6
DLH,0.8164,0.0676,169,14,24
GCM,0.1088,0.3333,16,49,82
DLM,0.0000,0.0000,0,0,1
GCN,1.0000,0.0000,115,0,0
ASP,0.0000,0.0000,0,0,2
BTV,0.6960,0.0903,293,38,90
BTS,0.8667,0.1333,13,2,0
BTR,0.6022,0.0876,165,24,85
BTZ,1.0000,0.0000,1,0,0
SSI,1.0000,0.0000,2,0,0
SSH,0.6667,0.0000,4,0,2
BTM,0.8571,0.0476,36,2,4
BTL,0.8571,0.1429,6,1,0
SNY,1.0000,0.0000,4,0,0
SSA,0.1538,0.1154,4,3,19
TSN,0.2857,0.0000,2,0,5
WYS,1.0000,0.0000,13,0,0
ECG,0.0000,1.0000,0,1,0
RMQ,0.9286,0.0000,13,0,1
LNY,0.5000,0.0000,1,0,1
BEL,0.3333,0.0000,1,0,2
LNZ,0.8000,0.0000,4,0,1
LNS,0.8806,0.0149,59,1,7
LNK,0.7244,0.1102,92,14,21
ECP,0.6954,0.0993,105,15,31
RMI,1.0000,0.0000,5,0,0
ASE,0.4224,0.1366,68,22,71
BBI,0.0000,0.0000,0,0,2
EUG,0.5836,0.1068,164,30,87
YAV,1.0000,0.0000,4,0,0
BBA,0.1250,0.2500,1,2,5
YAI,1.0000,0.0000,2,0,0
EUX,0.0000,0.0000,0,0,2
ASH,0.0000,1.0000,0,6,0
TUP,0.8788,0.1212,29,4,0
TUS,0.4551,0.1423,355,111,314
TUL,0.5647,0.1247,240,53,132
TUN,0.3200,0.0000,8,0,17
TUO,0.8333,0.0833,10,1,1
TUF,1.0000,0.0000,9,0,0
BES,0.0000,1.0000,0,2,0
CYS,0.9038,0.0577,47,3,2
CYR,0.0000,1.0000,0,1,0
POZ,0.2500,0.0000,1,0,3
PDX,0.5064,0.1226,1272,308,932
POS,0.1683,0.0891,34,18,150
POP,0.2973,0.0676,22,5,47
CYB,0.5000,0.0000,1,0,1
POL,1.0000,0.0000,1,0,0
POM,0.0000,0.0000,0,0,2
FYV,0.0000,1.0000,0,4,0
BET,0.0000,0.0000,0,0,2
POI,1.0000,0.0000,8,0,0
POF,1.0000,0.0000,2,0,0
CYI,1.0000,0.0000,1,0,0
POA,0.1667,0.0833,2,1,9
VCA,1.0000,0.0000,1,0,0
FKL,1.0000,0.0000,3,0,0
VCE,0.5204,0.0669,140,18,111
FKB,1.0000,0.0000,2,0,0
CWI,1.0000,0.0000,1,0,0
VCT,0.8667,0.1333,13,2,0
CWL,0.6667,0.1667,4,1,1
VCV,0.0000,1.0000,0,2,0
CWA,0.6667,0.0494,54,4,23
CWC,0.0000,0.0000,0,0,1
CWB,0.1429,0.0952,3,2,16
VLL,1.0000,0.0000,2,0,0
WKA,1.0000,0.0000,2,0,0
QSR,0.0000,1.0000,0,2,0
PAP,0.1385,0.0649,32,15,184
PAQ,1.0000,0.0000,2,0,0
PAR,0.3846,0.6154,10,16,0
PAS,1.0000,0.0000,2,0,0
PAT,0.0000,0.0000,0,0,2
CKB,0.8824,0.1176,15,2,0
ZFV,0.0000,0.0000,0,0,1
PAC,0.6667,0.3333,2,1,0
PAE,0.0000,1.0000,0,6,0
PAH,0.9296,0.0000,66,0,5
CKY,0.6667,0.0000,2,0,1
ETZ,1.0000,0.0000,1,0,0
PAO,0.0000,1.0000,0,2,0
MQF,0.0000,0.0000,0,0,1
DCA,0.4770,0.0638,1682,225,1619
MQP,0.7500,0.2500,3,1,0
MQT,0.9355,0.0000,29,0,2
MQX,0.0000,0.0000,0,0,1
JKG,0.0000,1.0000,0,1,0
WEH,0.0000,0.0000,0,0,4
FWA,0.5833,0.1154,91,18,47
GAY,0.0000,0.0000,0,0,1
HUX,0.3750,0.0625,12,2,18
OIT,1.0000,0.0000,2,0,0
GBG,1.0000,0.0000,4,0,0
GBD,1.0000,0.0000,2,0,0
AER,0.0000,0.0000,0,0,1
DME,0.2083,0.0000,10,0,38
AEY,1.0000,0.0000,1,0,0
AEX,0.6462,0.0308,42,2,21
DMK,0.2404,0.0192,25,2,77
DMM,0.2000,0.0000,11,0,44
AEI,0.0000,1.0000,0,1,0
XDB,0.0000,0.0000,0,0,1
BUR,0.6482,0.2224,516,177,103
BUS,1.0000,0.0000,3,0,0
XDS,0.0000,0.0000,0,0,3
BUF,0.5508,0.1257,390,89,229
BUD,0.5636,0.0000,62,0,48
BUE,0.0000,1.0000,0,2,0
MYY,1.0000,0.0000,1,0,0
XRY,0.6250,0.1250,5,1,2
MOZ,0.6667,0.3333,2,1,0
PSO,1.0000,0.0000,3,0,0
PSM,1.0000,0.0000,10,0,0
PSB,1.0000,0.0000,1,0,0
PSC,0.5862,0.0517,102,9,63
PSA,0.6562,0.0625,21,2,9
PSF,0.8333,0.1667,5,1,0
PSG,0.0000,0.0000,0,0,1
PSE,0.4000,0.2444,18,11,16
MOL,1.0000,0.0000,1,0,0
PSR,1.0000,0.0000,2,0,0
MOB,0.5485,0.1699,113,35,58
PSP,0.6447,0.0967,713,107,286
JLN,0.7885,0.0577,41,3,8
MOD,0.9178,0.0822,67,6,0
KMG,0.0000,0.0000,0,0,10
BCN,0.4907,0.0576,264,31,243
HND,0.4880,0.0040,122,1,127
BCD,0.5000,0.0000,5,0,5
HNM,1.0000,0.0000,10,0,0
HNL,0.2509,0.2955,354,417,640
BCB,1.0000,0.0000,7,0,0
HNS,1.0000,0.0000,2,0,0
KMS,1.0000,0.0000,6,0,0
KMQ,1.0000,0.0000,8,0,0
BCT,0.0417,0.9583,1,23,0
BCV,1.0000,0.0000,1,0,0
TVU,1.0000,0.0000,1,0,0
TVL,0.0000,1.0000,0,2,0
TVF,0.5000,0.0000,2,0,2
VRN,0.8333,0.0417,20,1,3
TVC,0.7479,0.0588,89,7,23
YRL,1.0000,0.0000,1,0,0
SRQ,0.4237,0.1695,200,80,192
BPN,0.0000,0.0000,0,0,1
PIU,0.4286,0.0000,3,0,4
TDX,0.8000,0.0000,4,0,1
TDW,1.0000,0.0000,1,0,0
LOH,0.0000,0.0000,0,0,2
LON,0.7292,0.2708,35,13,0
CVN,1.0000,0.0000,23,0,0
CVO,0.9000,0.1000,9,1,0
LOP,0.3333,0.0000,1,0,2
CVM,1.0000,0.0000,1,0,0
LOV,1.0000,0.0000,2,0,0
FHU,0.8333,0.1667,5,1,0
CVG,0.5301,0.1103,423,88,287
WJF,0.5000,0.5000,3,3,0
QRO,0.3846,0.0308,25,2,38
IMF,0.0000,0.0000,0,0,2
WJU,1.0000,0.0000,1,0,0
HPV,0.0000,1.0000,0,2,0
KKE,1.0000,0.0000,4,0,0
HPH,0.7500,0.0000,6,0,2
HPN,0.5448,0.1685,152,47,80
EBB,0.3226,0.0000,10,0,21
ABV,0.5000,0.0000,2,0,2
KKC,0.0000,0.0000,0,0,1
RJA,0.0000,0.0000,0,0,3
WDG,1.0000,0.0000,5,0,0
WDH,0.4615,0.0769,6,1,6
DRS,0.6667,0.1111,6,1,2
DRT,1.0000,0.0000,19,0,0
DRW,0.4444,0.1111,4,1,4
ZYR,1.0000,0.0000,1,0,0
DRO,0.7172,0.0966,104,14,27
IOW,0.0000,1.0000,0,2,0
IOS,0.5000,0.0000,1,0,1
RVN,0.2000,0.0000,1,0,4
UIO,0.2784,0.0341,49,6,121
UIN,0.8462,0.0000,11,0,2
CXR,1.0000,0.0000,3,0,0
MLC,1.0000,0.0000,2,0,0
XSY,0.0000,1.0000,0,1,0
XSC,1.0000,0.0000,6,0,0
GON,0.9600,0.0400,72,3,0
XSN,1.0000,0.0000,1,0,0
SCL,0.4587,0.1239,100,27,91
MNZ,0.3750,0.6250,3,5,0
PTK,0.5000,0.5000,1,1,0
SCK,0.9800,0.0200,49,1,0
SCE,0.5926,0.1019,64,11,33
JMS,0.8000,0.2000,4,1,0
SCF,0.3333,0.6667,6,12,0
JMK,0.9000,0.0000,9,0,1
MNL,0.2776,0.0095,146,5,375
PTY,0.4780,0.1016,174,37,153
SCV,0.5000,0.0000,1,0,1
SCQ,0.2500,0.0000,1,0,3
PTP,0.3226,0.2581,10,8,13
CJJ,1.0000,0.0000,4,0,0
CJB,0.5000,0.0000,3,0,3
CJC,0.5833,0.1667,7,2,3
PBZ,0.0000,0.0000,0,0,1
PBG,0.5000,0.1562,16,5,11
PBC,0.5938,0.0312,19,1,12
PBM,0.1429,0.0000,2,0,12
CJS,0.7835,0.0722,76,7,14
PBI,0.2526,0.1652,361,236,832
PBH,1.0000,0.0000,1,0,0
CJU,0.2308,0.4615,3,6,4
MPL,0.7500,0.2500,3,1,0
MPM,0.3000,0.1000,3,1,6
AVP,0.6714,0.0610,143,13,57
MPH,0.5200,0.0000,13,0,12
AVL,0.8223,0.0836,472,48,54
AVN,0.7500,0.2500,3,1,0
YQM,0.1429,0.0714,2,1,11
SUF,0.1667,0.0000,1,0,5
SUE,1.0000,0.0000,1,0,0
SUB,0.8000,0.0000,4,0,1
SUA,0.0000,1.0000,0,5,0
SUN,0.3951,0.2346,32,19,30
YQG,0.8636,0.0682,38,3,3
YQB,0.6337,0.0581,109,10,53
SUV,0.8333,0.0000,5,0,1
YQY,0.6667,0.0000,2,0,1
YQU,0.0000,1.0000,0,1,0
YQT,0.7500,0.2500,3,1,0
YQQ,0.0000,0.0000,0,0,3
SUX,0.7358,0.0755,39,4,10
QMZ,0.0000,1.0000,0,1,0
FCA,0.4526,0.1158,43,11,41
TEB,0.0000,1.0000,0,11,0
QMU,0.0000,1.0000,0,1,0
TEX,0.6190,0.1429,13,3,5
NBO,0.3543,0.0315,45,4,78
QMN,0.0000,1.0000,0,1,0
TET,0.0000,0.0000,0,0,1
TEU,1.0000,0.0000,6,0,0
DND,1.0000,0.0000,4,0,0
GMN,0.8000,0.2000,4,1,0
ADQ,0.2000,0.0000,1,0,4
DNN,0.0000,1.0000,0,2,0
ADZ,0.3636,0.0000,4,0,7
DNK,0.4000,0.0000,2,0,3
ADD,0.2571,0.0000,9,0,26
ADB,0.0909,0.2727,1,3,7
ADA,0.1250,0.0000,1,0,7
ADL,0.3714,0.1143,13,4,18
GMP,0.5238,0.0000,11,0,10
BRX,1.0000,0.0000,3,0,0
BRW,0.0000,0.0000,0,0,1
BRU,0.5714,0.1169,88,18,48
BRS,0.8095,0.0000,17,0,4
BRQ,1.0000,0.0000,1,0,0
BRO,0.4940,0.1325,41,11,31
BRN,0.8667,0.1333,13,2,0
BRM,1.0000,0.0000,1,0,0
BRL,0.9167,0.0833,22,2,0
BRI,0.5000,0.0000,4,0,4
BRE,0.1818,0.0000,2,0,9
BRD,0.9231,0.0000,12,0,1
KZN,0.0000,0.0000,0,0,1
TWF,0.8315,0.0787,74,7,8
JDZ,0.0000,0.0000,0,0,3
VRB,0.2727,0.7273,3,8,0
RKT,1.0000,0.0000,4,0,0
RKV,0.8125,0.1875,13,3,0
DEC,0.9545,0.0455,21,1,0
RKS,0.7879,0.0303,26,1,6
RKD,0.6000,0.2000,3,1,1
SEA,0.4060,0.1391,1883,645,2110
EAP,0.0000,1.0000,0,1,0
EAS,0.4545,0.0909,5,1,5
EAR,0.8333,0.0278,30,1,5
EAU,0.8545,0.0182,47,1,7
EAT,0.9565,0.0054,176,1,7
ESU,1.0000,0.0000,3,0,0
RSU,0.0000,0.0000,0,0,1
HOB,1.0000,0.0000,13,0,0
HON,1.0000,0.0000,2,0,0
HOM,0.8000,0.0000,12,0,3
HOV,0.0000,0.0000,0,0,1
HOT,1.0000,0.0000,29,0,0
HOU,0.6978,0.1983,799,227,119
ESC,0.5714,0.0000,4,0,3
ESB,0.3333,0.1111,6,2,10
HOQ,1.0000,0.0000,1,0,0
ESN,0.0000,1.0000,0,1,0
VST,1.0000,0.0000,2,0,0
PTI,1.0000,0.0000,1,0,0
YGK,0.6667,0.0000,4,0,2
VSA,0.2778,0.0556,5,1,12
BGA,0.4211,0.0000,8,0,11
SCY,0.5714,0.0000,4,0,3
LHE,0.0357,0.0000,1,0,27
VAL,0.0000,0.0000,0,0,1
AEP,0.0000,0.0000,0,0,33
VAA,0.0000,0.0000,0,0,1
LHW,0.0000,0.0000,0,0,1
LHR,0.4605,0.0362,559,44,611
VAR,0.0000,0.0000,0,0,1
VAP,0.0000,1.0000,0,1,0
WUX,0.0000,0.0000,0,0,5
EXT,0.5000,0.5000,2,2,0
WUJ,1.0000,0.0000,1,0,0
WUH,0.0000,0.0000,0,0,16
CMN,0.2941,0.1059,25,9,51
CMI,0.7961,0.0971,82,10,11
CMH,0.5383,0.1129,534,112,346
RLA,1.0000,0.0000,1,0,0
CME,1.0000,0.0000,2,0,0
CMB,0.3750,0.0000,33,0,55
PCT,0.7143,0.2857,5,2,0
PCN,1.0000,0.0000,1,0,0
CMX,0.5556,0.0556,10,1,7
MAR,0.0000,0.0000,0,0,4
GOJ,0.0000,0.0000,0,0,1
UVF,0.3333,0.0460,29,4,54
LMM,0.4545,0.0000,5,0,6
ZVE,0.0000,0.0000,0,0,1
DSM,0.5853,0.0829,247,35,140
DSI,0.0000,1.0000,0,1,0
PMO,0.3793,0.2759,11,8,10
INT,0.8750,0.1250,21,3,0
RWI,0.8846,0.1154,23,3,0
INV,0.5714,0.2143,8,3,3
INW,1.0000,0.0000,3,0,0
RWL,1.0000,0.0000,4,0,0
INL,0.4286,0.1429,3,1,3
OKC,0.6115,0.1148,373,70,167
IND,0.5396,0.1126,791,165,510
OKK,0.8000,0.2000,4,1,0
OKJ,0.6667,0.0000,2,0,1
GLH,0.9487,0.0256,37,1,1
DOH,0.2600,0.0467,39,7,104
DOL,1.0000,0.0000,1,0,0
DOM,0.2353,0.0588,4,1,12
GLA,0.3623,0.1594,25,11,33
GLD,1.0000,0.0000,5,0,0
AKJ,1.0000,0.0000,1,0,0
AKO,1.0000,0.0000,1,0,0
AKL,0.5289,0.1244,119,28,78
GLR,1.0000,0.0000,1,0,0
GLS,1.0000,0.0000,22,0,0
GLT,1.0000,0.0000,1,0,0
BSL,0.7105,0.0526,27,2,9
BSH,0.0000,1.0000,0,1,0
BSB,0.3000,0.0000,3,0,7
AUA,0.2740,0.1301,80,38,174
HST,0.0000,1.0000,0,2,0
AUG,0.7059,0.1176,12,2,3
AUH,0.4545,0.0682,60,9,63
AUS,0.4764,0.1037,859,187,757
AUW,1.0000,0.0000,2,0,0
SBP,0.9458,0.0181,576,11,22
MMY,0.0000,0.0000,0,0,1
MMX,1.0000,0.0000,2,0,0
PUJ,0.3750,0.0709,111,21,164
MMU,0.0000,1.0000,0,6,0
PUF,0.0000,0.0000,0,0,1
SBY,0.8175,0.0438,112,6,19
CAI,0.1432,0.0025,58,1,346
PUB,0.9444,0.0556,34,2,0
MML,0.0000,1.0000,0,1,0
SBA,0.8427,0.0637,450,34,50
MMH,0.8485,0.0076,112,1,19
MMJ,1.0000,0.0000,7,0,0
MME,1.0000,0.0000,5,0,0
SBH,0.1579,0.3684,3,7,9
PUW,0.4737,0.0000,9,0,10
SBN,0.7310,0.1241,106,18,21
PUQ,0.6667,0.0833,16,2,6
PUS,0.6207,0.0000,18,0,11
KOJ,1.0000,0.0000,2,0,0
BAQ,0.4828,0.0172,28,1,29
KOA,0.1495,0.3725,61,152,195
BAG,1.0000,0.0000,1,0,0
XIC,0.0000,0.0000,0,0,1
ERC,0.0000,0.0000,0,0,1
KOS,0.6667,0.0000,4,0,2
ERH,0.0000,0.0000,0,0,1
ERI,0.6800,0.0667,51,5,19
BAH,0.3519,0.0370,38,4,66
VPS,0.5909,0.0818,130,18,72
YFC,0.6667,0.0000,4,0,2
VPZ,1.0000,0.0000,2,0,0
STD,1.0000,0.0000,2,0,0
YPS,1.0000,0.0000,1,0,0
YPQ,0.6667,0.3333,2,1,0
STC,1.0000,0.0000,28,0,0
STL,0.5713,0.0944,829,137,485
STM,0.0000,0.0000,0,0,1
STN,0.4737,0.1579,9,3,7
STO,0.8333,0.1667,5,1,0
STI,0.0474,0.0632,9,12,169
STK,1.0000,0.0000,7,0,0
STT,0.2092,0.1323,68,43,214
STV,0.2500,0.0000,1,0,3
STW,0.0000,0.0000,0,0,3
STR,0.3448,0.3103,10,9,10
STS,0.7727,0.0985,102,13,17
STX,0.0796,0.1504,9,17,87
JXN,1.0000,0.0000,2,0,0
KLV,1.0000,0.0000,1,0,0
NCY,0.3333,0.6667,1,2,0
TFN,0.1250,0.3750,1,3,4
QLS,0.0000,1.0000,0,1,0
NCL,0.5000,0.0000,6,0,6
QLH,0.0000,1.0000,0,1,0
NCE,0.4646,0.0808,46,8,45
TFS,0.5714,0.0000,4,0,3
QLA,1.0000,0.0000,1,0,0
FNT,0.6687,0.0875,107,14,39
YQL,0.8000,0.0000,4,0,1
LIL,0.5714,0.4286,4,3,0
LIM,0.3251,0.0519,119,19,228
LIN,0.6875,0.0312,88,4,36
LIO,0.0000,1.0000,0,1,0
LIH,0.2576,0.3889,102,154,140
VFA,0.5000,0.0000,6,0,6
LIT,0.5774,0.1253,235,51,121
FNC,0.2727,0.0909,3,1,7
LIR,0.4317,0.2143,139,69,114
LIS,0.3906,0.0601,91,14,128
FNL,0.6250,0.3750,10,6,0
HAR,1.0000,0.0000,2,0,0
FNI,1.0000,0.0000,1,0,0
QPA,0.0000,1.0000,0,1,0
WTB,0.0000,0.0000,0,0,1
SUM,1.0000,0.0000,1,0,0
TPE,0.3291,0.0000,77,0,157
TPA,0.3390,0.1871,1158,639,1619
TPL,1.0000,0.0000,1,0,0
HRL,0.5370,0.1389,58,15,35
HRO,1.0000,0.0000,14,0,0
HRI,1.0000,0.0000,2,0,0
TPQ,0.1667,0.0000,1,0,5
TPP,0.2000,0.0000,1,0,4
HRE,0.2800,0.0000,7,0,18
HRG,0.7895,0.0000,15,0,4
HRB,0.0000,0.0000,0,0,11
KAO,0.0000,0.0000,0,0,1
RHI,0.8182,0.0000,9,0,2
XNB,0.0000,0.0000,0,0,4
RHO,0.0000,0.2000,0,1,4
KIR,1.0000,0.0000,10,0,0
SUS,1.0000,0.0000,2,0,0
HFA,0.5455,0.4545,6,5,0
KUF,0.0000,0.0000,0,0,1
ZWS,0.0000,0.0000,0,0,1
RTB,0.4643,0.0714,13,2,13
RTM,0.8571,0.1429,6,1,0
YQR,0.5294,0.1176,9,2,6
ENA,0.3636,0.3636,4,4,3
RFP,1.0000,0.0000,1,0,0
OXR,0.7115,0.2885,37,15,0
BKG,0.9951,0.0049,204,1,0
ENV,1.0000,0.0000,5,0,0
RFD,0.8108,0.1892,30,7,0
OXF,0.3333,0.6667,1,2,0
OXC,0.0000,1.0000,0,3,0
CZX,1.0000,0.0000,4,0,0
CZL,1.0000,0.0000,1,0,0
CZM,0.4583,0.1250,33,9,30
ATL,0.4313,0.1404,2224,724,2209
ISP,0.7733,0.1533,116,23,11
ATH,0.3784,0.0849,98,22,139
IST,0.4240,0.0424,120,12,151
ATW,0.8000,0.0762,84,8,13
ISO,1.0000,0.0000,7,0,0
ISN,0.4545,0.1364,10,3,9
ISM,0.0000,1.0000,0,3,0
ATQ,0.4000,0.0000,2,0,3
ISB,0.0000,0.0000,0,0,22
BKK,0.4366,0.0073,358,6,456
ATZ,0.0000,0.0000,0,0,1
ATY,0.8750,0.0000,7,0,1
PVR,0.2712,0.1292,147,70,325
PVU,0.4444,0.5556,4,5,0
SEZ,0.5000,0.3333,6,4,2
PVA,1.0000,0.0000,1,0,0
PVC,0.8667,0.0667,13,1,1
JKH,0.0000,0.0000,0,0,1
PVD,0.6870,0.0883,428,55,140
PVG,0.1048,0.0000,33,0,282
PVF,1.0000,0.0000,6,0,0
SEL,1.0000,0.0000,27,0,0
CLL,0.8795,0.0241,73,2,8
CLM,0.9667,0.0333,29,1,0
FRA,0.4018,0.1173,137,40,164
CLO,0.2892,0.1566,24,13,46
FRG,0.0000,1.0000,0,2,0
CLJ,0.2857,0.1429,2,1,4
FRD,1.0000,0.0000,3,0,0
CLD,0.9412,0.0588,16,1,0
CLE,0.4629,0.1221,474,125,425
PDT,0.9714,0.0286,34,1,0
PDS,1.0000,0.0000,5,0,0
PDP,0.5455,0.0909,6,1,4
FRS,0.6154,0.0000,8,0,5
PDL,0.0000,0.0000,0,0,2
PDK,0.8750,0.1250,7,1,0
IMT,0.7500,0.0000,3,0,1
FRU,0.0000,0.0000,0,0,3
CLT,0.4123,0.1473,764,273,816
CLU,0.0000,1.0000,0,1,0
CLQ,0.1111,0.5556,2,10,6
ZEE,0.0000,1.0000,0,1,0
UUS,0.0000,0.0000,0,0,1
JYV,1.0000,0.0000,1,0,0
YWS,0.8000,0.2000,4,1,0
SWO,0.3333,0.1667,2,1,3
SWA,1.0000,0.0000,1,0,0
SWD,1.0000,0.0000,2,0,0
SWF,0.7039,0.0987,107,15,30
YWG,0.2429,0.0714,17,5,48
BPS,0.2000,0.0000,1,0,4
BPT,0.7455,0.1455,41,8,6
GYE,0.2835,0.0236,36,3,88
GYD,0.3846,0.0000,5,0,8
TGU,0.2830,0.0755,15,4,34
TGZ,0.4545,0.0455,10,1,11
GYN,0.0000,0.0000,0,0,8
GYM,1.0000,0.0000,3,0,0
TGD,0.3333,0.0000,1,0,2
GYY,1.0000,0.0000,7,0,0
MLB,0.5612,0.2554,156,71,51
DHN,0.7273,0.1136,32,5,7
MLA,0.3571,0.0238,15,1,26
GOI,0.5208,0.0000,25,0,23
MLE,0.6286,0.0000,22,0,13
MLH,0.6667,0.3333,2,1,0
MLI,0.5347,0.0486,77,7,60
GOA,0.6818,0.3182,15,7,0
MLM,0.2917,0.0972,21,7,44
MLS,1.0000,0.0000,4,0,0
MLU,0.7206,0.1029,49,7,12
GOT,0.4091,0.0000,9,0,13
UDI,0.0000,0.0000,0,0,2
NRN,0.0000,1.0000,0,1,0
NRT,0.5173,0.0000,209,0,195
DNR,1.0000,0.0000,1,0,0
ADM,1.0000,0.0000,7,0,0
RIX,0.4390,0.0000,18,0,23
RIW,0.5455,0.0909,6,1,4
HSI,1.0000,0.0000,1,0,0
RIO,1.0000,0.0000,1,0,0
HSV,0.4773,0.1364,84,24,68
RIH,1.0000,0.0000,1,0,0
RIF,1.0000,0.0000,16,0,0
RIC,0.4903,0.0989,352,71,295
KNO,0.0000,0.0000,0,0,1
HAJ,0.5652,0.1739,13,4,6
HAK,0.2000,0.0000,1,0,4
HAM,0.3649,0.0811,27,6,41
HAN,0.5816,0.0000,57,0,41
GDQ,1.0000,0.0000,1,0,0
EQS,0.0000,0.0000,0,0,1
BNK,1.0000,0.0000,2,0,0
XIY,0.1500,0.0000,3,0,17
BNA,0.5732,0.0892,1214,189,715
HAU,0.5000,0.0000,1,0,1
BNE,0.2619,0.1071,22,9,53
YEI,1.0000,0.0000,1,0,0
LXV,1.0000,0.0000,1,0,0
LXR,0.4762,0.0000,10,0,11
SYD,0.4780,0.0692,152,22,144
YEA,0.4000,0.6000,2,3,0
VQS,0.5000,0.0333,15,1,14
YEG,0.1523,0.0795,23,12,116
SYR,0.5099,0.0795,231,36,186
SYQ,0.0000,1.0000,0,1,0
SYX,0.1250,0.0000,1,0,7
RGS,1.0000,0.0000,1,0,0
EMA,1.0000,0.0000,8,0,0
EMT,0.0000,1.0000,0,4,0
RGN,0.4048,0.0000,17,0,25
LDB,0.0000,0.0000,0,0,4
LDE,1.0000,0.0000,3,0,0
LDJ,0.0000,1.0000,0,1,0
LDY,1.0000,0.0000,2,0,0
YKA,0.7368,0.0526,14,1,4
VGO,0.0000,0.0000,0,0,5
YKF,1.0000,0.0000,4,0,0
FOR,0.2000,0.4000,1,2,2
VGA,0.0000,0.0000,0,0,14
YKM,0.7619,0.0317,48,2,13
FOD,0.9091,0.0000,10,0,1
FOE,1.0000,0.0000,11,0,0
LJG,0.0000,0.0000,0,0,1
FOC,0.0667,0.0000,1,0,14
YKZ,0.8750,0.1250,7,1,0
FON,0.0000,1.0000,0,1,0
LJU,0.5455,0.1818,6,2,3
BRC,0.6250,0.0625,10,1,5
LPI,1.0000,0.0000,2,0,0
ILG,0.4815,0.5185,13,14,0
COS,0.5571,0.0833,234,35,151
COR,0.0000,0.1538,0,2,11
COU,0.7928,0.0541,88,6,17
ILO,0.3636,0.0000,4,0,7
ILM,0.5160,0.1920,129,48,73
FSM,0.7231,0.0769,47,5,13
PER,0.1707,0.0732,7,3,31
PEN,0.4474,0.0000,17,0,21
COE,0.5000,0.5000,2,2,0
PEI,0.4839,0.0323,15,1,15
ILP,1.0000,0.0000,1,0,0
PEK,0.2791,0.0000,91,0,235
COK,0.3810,0.0000,24,0,39
PEG,1.0000,0.0000,5,0,0
COO,1.0000,0.0000,4,0,0
ZTH,1.0000,0.0000,1,0,0
WAG,1.0000,0.0000,1,0,0
WAW,0.3919,0.0135,29,1,44
WAT,0.6667,0.3333,4,2,0
WAS,0.1235,0.8765,10,71,0
RUH,0.2049,0.0082,25,1,96
RUI,1.0000,0.0000,12,0,0
PRY,0.0000,1.0000,0,3,0
RUT,0.8125,0.0469,52,3,9
YNY,1.0000,0.0000,1,0,0
MKG,0.6000,0.2000,12,4,4
DIN,1.0000,0.0000,1,0,0
JHB,1.0000,0.0000,1,0,0
GNV,0.6644,0.0934,192,27,70
DIJ,1.0000,0.0000,4,0,0
DIK,0.8333,0.0833,10,1,1
AIT,1.0000,0.0000,1,0,0
MKL,0.9600,0.0400,24,1,0
JHM,0.6250,0.3333,15,8,1
GNB,0.0000,1.0000,0,1,0
YNT,0.0000,0.0000,0,0,4
MKT,1.0000,0.0000,2,0,0
GND,0.3421,0.0789,13,3,22
GNE,0.0000,1.0000,0,1,0
AID,1.0000,0.0000,1,0,0
AIA,1.0000,0.0000,1,0,0
NSI,0.1667,0.0000,1,0,5
JAX,0.5536,0.1313,852,202,485
NSN,0.8182,0.0000,9,0,2
MRU,0.3077,0.1538,4,2,7
NSV,0.0000,1.0000,0,1,0
DLI,1.0000,0.0000,1,0,0
UTH,0.2857,0.0000,2,0,5
IRS,1.0000,0.0000,2,0,0
UTN,0.0000,1.0000,0,1,0
UTP,1.0000,0.0000,6,0,0
IRK,1.0000,0.0000,2,0,0
CHO,0.5061,0.1098,83,18,63
XVE,0.5000,0.5000,1,1,0
HBA,0.3333,0.3810,7,8,6
SDU,0.1463,0.0732,6,3,32
PWT,1.0000,0.0000,1,0,0
SDQ,0.2463,0.0926,117,44,314
SDR,1.0000,0.0000,1,0,0
SDX,1.0000,0.0000,86,0,0
SDY,1.0000,0.0000,1,0,0
SDE,0.5000,0.0000,1,0,1
SDF,0.5837,0.1252,387,83,193
PWM,0.6261,0.0935,221,33,99
PWK,1.0000,0.0000,2,0,0
SDJ,0.5000,0.0000,2,0,2
NAG,0.0000,0.0000,0,0,5
HBE,0.1429,0.0000,1,0,6
HBG,0.0000,1.0000,0,1,0
JAI,0.6897,0.0000,20,0,9
NAN,0.5405,0.0270,20,1,16
BOW,0.2500,0.7500,1,3,0
BOH,0.6667,0.3333,2,1,0
NAS,0.1256,0.0332,53,14,355
NAP,0.6667,0.0813,82,10,31
ILE,0.9444,0.0556,17,1,0
NAV,1.0000,0.0000,1,0,0
BOM,0.2934,0.0000,71,0,171
BON,0.1935,0.4194,6,13,12
BOO,0.0000,0.0000,0,0,2
FSD,0.5556,0.0889,100,16,64
BOB,0.4444,0.0000,4,0,5
BOC,1.0000,0.0000,4,0,0
BOD,0.4348,0.1739,10,4,9
BOG,0.3343,0.0241,111,8,213
SXB,0.8667,0.0000,13,0,2
SXF,0.2500,0.0278,9,1,26
LYS,0.5610,0.1463,23,6,12
LCI,1.0000,0.0000,1,0,0
LYX,1.0000,0.0000,1,0,0
SXM,0.2103,0.2024,53,51,148
SXR,0.0000,0.0000,0,0,1
LYG,0.0000,0.0000,0,0,1
VVI,0.3182,0.0000,7,0,15
SXZ,1.0000,0.0000,1,0,0
LYH,0.5000,0.1000,30,6,24
SVO,0.3377,0.0000,52,0,102
PEW,0.0000,0.0000,0,0,1
YVR,0.4107,0.0764,543,101,678
BQN,0.1964,0.3750,22,42,48
SVG,0.2500,0.0000,2,0,6
SVD,0.2308,0.0000,3,0,10
BQK,0.8679,0.0377,46,2,5
SVX,0.3333,0.0000,1,0,2
JVL,1.0000,0.0000,5,0,0
SVU,0.0000,1.0000,0,1,0
SVQ,0.6627,0.1325,55,11,17
IPH,1.0000,0.0000,2,0,0
COD,0.5882,0.0588,10,1,6
LKN,1.0000,0.0000,6,0,0
LKO,0.0000,0.0000,0,0,16
FLR,0.7183,0.0751,153,16,44
VDA,1.0000,0.0000,2,0,0
SFP,0.0000,1.0000,0,1,0
FLO,0.7753,0.1124,69,10,10
FLN,0.0455,0.0909,1,2,19
LKV,1.0000,0.0000,1,0,0
VDH,1.0000,0.0000,1,0,0
FLG,0.9451,0.0251,603,16,19
WVL,0.0000,1.0000,0,1,0
WVB,0.5000,0.0000,1,0,1
TRI,0.7905,0.1081,117,16,15
KLO,0.3333,0.0000,1,0,2
TRN,0.6316,0.1053,12,2,5
FSC,0.0000,1.0000,0,1,0
TRC,0.2400,0.0800,6,2,17
TRD,0.0000,0.2500,0,1,3
TRG,0.8000,0.0000,4,0,1
TRF,1.0000,0.0000,1,0,0
TRZ,0.0000,0.0000,0,0,2
TRS,0.5556,0.1111,5,1,3
TRU,0.4286,0.0000,3,0,4
TRV,0.2273,0.0000,5,0,17
KLT,0.0000,1.0000,0,2,0
MKC,0.3396,0.6604,18,35,0
ESE,1.0000,0.0000,7,0,0
HTI,0.2500,0.0000,4,0,12
HTS,0.8148,0.1111,44,6,4
HTY,0.0000,0.0000,0,0,1
RRO,0.0000,1.0000,0,1,0
ODS,0.2941,0.0000,5,0,12
ODW,0.0000,1.0000,0,2,0
ODB,0.8333,0.1667,5,1,0
ODE,1.0000,0.0000,1,0,0
RDU,0.3548,0.1324,512,191,740
ELH,0.3600,0.0000,9,0,16
ELM,0.7021,0.1064,33,5,9
SPF,1.0000,0.0000,2,0,0
ELD,1.0000,0.0000,3,0,0
RDZ,1.0000,0.0000,1,0,0
RDD,0.8939,0.0354,177,7,14
RDG,0.8621,0.1379,25,4,0
ELY,1.0000,0.0000,1,0,0
RDM,0.6484,0.0502,142,11,66
ELS,0.5000,0.5000,2,2,0
ELP,0.5687,0.1257,294,65,158
ELQ,1.0000,0.0000,1,0,0
FBS,1.0000,0.0000,2,0,0
LEB,0.7907,0.0465,34,2,7
LED,0.2821,0.0000,11,0,28
LEE,0.0000,1.0000,0,2,0
LEI,1.0000,0.0000,1,0,0
LEJ,0.6667,0.3333,6,3,0
OZH,0.0000,0.0000,0,0,2
LEW,0.0000,1.0000,0,1,0
LEX,0.6408,0.0777,198,24,87
OZZ,1.0000,0.0000,1,0,0
USA,0.5000,0.5000,2,2,0
AZO,0.7100,0.1000,71,10,19
IQT,0.5000,0.0000,3,0,3
USM,0.4643,0.0089,52,1,59
IQQ,0.5000,0.5000,1,1,0
USH,0.6667,0.0556,12,1,5
USU,1.0000,0.0000,4,0,0
UST,0.0000,0.6000,0,3,2
AZS,1.0000,0.0000,6,0,0
SGY,0.5000,0.5000,1,1,0
SGR,0.3000,0.7000,3,7,0
SGU,0.9162,0.0270,339,10,21
SGH,0.0000,1.0000,0,1,0
PXM,0.2727,0.0000,3,0,8
SGN,0.4000,0.0000,90,0,135
SGF,0.7159,0.1250,189,33,42
ICN,0.2843,0.0000,112,0,282
FPO,0.0930,0.1395,4,6,33
CNX,0.3293,0.0061,54,1,109
CNY,0.9718,0.0141,69,1,1
CNF,0.1579,0.1053,3,2,14
CNG,0.0000,1.0000,0,1,0
FPR,0.2500,0.7500,2,6,0
CNM,0.9750,0.0000,39,0,1
ICT,0.5668,0.1205,174,37,96
ROS,0.5000,0.0000,1,0,1
ZCL,0.2564,0.0513,10,2,27
ZCO,0.5000,0.2500,2,1,1
DXR,0.2000,0.8000,1,4,0
PFO,0.8333,0.1667,5,1,0
DXB,0.4398,0.1261,307,88,303
QFL,0.0000,1.0000,0,1,0
SIT,0.3571,0.0714,5,1,8
YUM,0.5859,0.1515,58,15,26
YUL,0.4176,0.0453,304,33,391
SID,0.0000,0.0000,0,0,1
SIK,1.0000,0.0000,1,0,0
SIN,0.4433,0.0035,125,1,156
TAP,0.6429,0.0714,9,1,4
TAS,0.0000,0.0000,0,0,3
TAE,0.4286,0.0000,3,0,4
TAG,0.6667,0.0000,2,0,1
TAB,0.6316,0.1053,12,2,5
TAC,0.3333,0.0000,1,0,2
TAM,0.1111,0.2222,1,2,6
TAO,0.2500,0.0000,4,0,12
JIB,0.2222,0.0000,2,0,7
CPE,0.5714,0.1429,4,1,2
GIG,0.4167,0.0556,30,4,38
GIF,0.0000,1.0000,0,2,0
DJE,1.0000,0.0000,1,0,0
GIB,1.0000,0.0000,1,0,0
AHB,0.0000,0.0000,0,0,1
CPX,0.6364,0.0000,7,0,4
NPE,0.6667,0.1111,6,1,2
AHN,0.8421,0.1579,64,12,0
AHO,0.5000,0.0000,1,0,1
AHU,1.0000,0.0000,1,0,0
NPT,1.0000,0.0000,21,0,0
GUC,0.7500,0.0417,36,2,10
GUA,0.3226,0.0581,100,18,192
TSM,1.0000,0.0000,38,0,0
TSE,0.5000,0.0000,1,0,1
GCC,0.8000,0.0800,20,2,3
GUM,0.4333,0.3833,26,23,11
TSA,0.8718,0.0000,34,0,5
GUP,0.9688,0.0312,31,1,0
GUW,1.0000,0.0000,1,0,0
TSV,0.0000,0.0000,0,0,3
TST,0.0000,0.0000,0,0,1
TSR,0.2500,0.0000,1,0,3
HUF,0.8333,0.1667,25,5,0
HUN,1.0000,0.0000,1,0,0
HUI,1.0000,0.0000,4,0,0
HUT,1.0000,0.0000,1,0,0
PLD,0.0000,1.0000,0,1,0
KBR,0.0000,0.0000,0,0,1
KBP,0.1556,0.0000,14,0,76
KBV,0.6512,0.0000,56,0,30
HUY,0.0000,0.5000,0,1,1
GCJ,1.0000,0.0000,2,0,0
BLZ,0.5000,0.0000,2,0,2
BLV,0.0000,1.0000,0,1,0
BLQ,0.5909,0.0682,26,3,15
BLR,0.2474,0.0000,24,0,73
BLL,0.6000,0.0000,3,0,2
BLI,0.7500,0.1042,72,10,14
BLH,1.0000,0.0000,19,0,0
BLK,1.0000,0.0000,1,0,0
BLF,1.0000,0.0000,17,0,0
BLA,0.0000,0.0000,0,0,1
SHA,0.7848,0.0000,62,0,17
LZH,0.5000,0.0000,1,0,1
EKO,0.9000,0.0400,45,2,3
EKN,1.0000,0.0000,4,0,0
REX,0.0000,0.3333,0,2,4
EKI,1.0000,0.0000,16,0,0
REP,0.5660,0.0000,30,0,23
MKE,0.5763,0.1122,457,89,247
REK,0.9000,0.1000,9,1,0
REL,1.0000,0.0000,1,0,0
EKX,1.0000,0.0000,4,0,0
REC,0.0000,0.0000,0,0,7
OUL,0.0000,0.0000,0,0,1
OUA,0.0000,0.0000,0,0,2
LFK,1.0000,0.0000,3,0,0
LFT,0.6849,0.0616,100,9,37
LFW,0.5000,0.0000,1,0,1
FCO,0.4211,0.0556,235,31,292
VER,0.3750,0.0500,15,2,23
FMY,0.2069,0.7931,6,23,0
MKK,0.1818,0.4545,2,5,4
FMN,0.9412,0.0588,16,1,0
FMO,0.0000,0.0000,0,0,1
YIW,0.5000,0.0000,1,0,1
FMM,0.3333,0.6667,1,2,0
YIP,1.0000,0.0000,3,0,0
VEL,0.8125,0.0000,13,0,3
UFA,0.0000,0.0000,0,0,1
LTO,0.3846,0.3077,5,4,4
LTN,0.6667,0.0476,14,1,6
CAY,0.0000,0.0000,0,0,2
JHW,1.0000,0.0000,7,0,0
CAS,0.0000,1.0000,0,2,0
CAP,0.3333,0.0000,2,0,4
IBE,1.0000,0.0000,2,0,0
CAK,0.3774,0.1811,100,48,117
IBZ,0.4167,0.0000,5,0,7
CAN,0.1928,0.0000,32,0,134
CAC,0.0000,0.0000,0,0,1
CAE,0.5394,0.1325,171,42,104
CAD,0.8333,0.1667,5,1,0
PGF,0.5000,0.5000,1,1,0
PGD,0.3404,0.5532,16,26,5
PGA,1.0000,0.0000,151,0,0
PGH,1.0000,0.0000,1,0,0
PGV,0.6176,0.0882,42,6,20
ZRH,0.4528,0.1260,115,32,107
UDR,0.7143,0.0000,5,0,2
MBJ,0.2997,0.0680,119,27,251
RSD,0.0000,0.0000,0,0,3
OGS,0.3333,0.0000,3,0,6
OGL,1.0000,0.0000,7,0,0
UDD,0.0000,1.0000,0,1,0
RST,0.7589,0.0536,85,6,21
OGD,0.2308,0.7692,3,10,0
OGG,0.2000,0.3624,133,241,291
RSW,0.2293,0.2064,410,369,1009
OGA,1.0000,0.0000,1,0,0
JFK,0.2939,0.0456,1327,206,2982
ZNB,0.0000,1.0000,0,1,0
MIK,1.0000,0.0000,1,0,0
DKR,0.2941,0.0000,5,0,12
MIL,0.1429,0.8571,1,6,0
MIA,0.3391,0.1657,1932,944,2822
MIE,1.0000,0.0000,3,0,0
MID,0.3889,0.1019,42,11,55
PPN,0.0000,0.0000,0,0,1
MIQ,1.0000,0.0000,1,0,0
ZNZ,0.4286,0.0000,6,0,8
MIR,0.0000,0.0000,0,0,1
SOQ,0.0000,0.0000,0,0,1
AOO,0.8667,0.0667,13,1,1
NQY,0.0000,0.2500,0,1,3
AOI,0.5000,0.0000,1,0,1
AOR,0.0000,0.0000,0,0,1
MBX,1.0000,0.0000,1,0,0
NQN,0.0000,0.0000,0,0,2
GAI,0.0000,1.0000,0,4,0
URC,0.0000,0.0000,0,0,2
URO,1.0000,0.0000,3,0,0
URT,0.2727,0.0909,3,1,7
AYT,0.4444,0.0000,4,0,5
AYQ,0.3000,0.3000,3,3,4
AYS,1.0000,0.0000,1,0,0
IPC,0.7500,0.0000,6,0,2
SFY,0.0000,1.0000,0,9,0
SFT,0.0000,0.0000,0,0,2
IPN,0.0000,0.0000,0,0,1
SFS,1.0000,0.0000,2,0,0
IPL,0.8966,0.1034,26,3,0
SFO,0.4733,0.1173,2672,662,2311
IPT,0.8286,0.0571,29,2,4
SFG,0.8333,0.1667,5,1,0
SFB,0.2672,0.7328,31,85,0
SFA,1.0000,0.0000,1,0,0
HDS,0.2500,0.0000,1,0,3
NGB,0.5000,0.0000,5,0,5
NGO,0.7368,0.0000,14,0,5
HDY,1.0000,0.0000,2,0,0
KSD,1.0000,0.0000,1,0,0
KSC,0.4000,0.2000,2,1,2
NGS,0.6000,0.0000,3,0,2
HDN,0.6761,0.0704,48,5,18
SZK,0.0000,0.0000,0,0,2
YZR,1.0000,0.0000,4,0,0
BMA,0.5000,0.0000,3,0,3
BMG,0.3846,0.6154,5,8,0
BME,0.3333,0.0000,1,0,2
SZB,1.0000,0.0000,3,0,0
BMI,0.7556,0.0889,68,8,14
SZG,0.7917,0.0625,38,3,7
BML,1.0000,0.0000,2,0,0
SZZ,0.0000,0.0000,0,0,2
SZX,0.5200,0.0000,26,0,24
YZF,0.0000,0.0833,0,1,11
SHR,0.9444,0.0556,17,1,0
YTZ,0.2353,0.0588,16,4,48
SHV,0.7309,0.1004,182,25,42
YTS,1.0000,0.0000,1,0,0
JTR,0.5652,0.0652,26,3,17
YTO,0.1500,0.8500,3,17,0
YTM,0.5385,0.0000,7,0,6
SHD,0.9877,0.0123,80,1,0
SHE,0.0588,0.0000,1,0,16
SHJ,0.2500,0.4375,4,7,5
SHO,0.0000,0.0000,0,0,1
MGC,1.0000,0.0000,2,0,0
MGB,1.0000,0.0000,1,0,0
MGA,0.2995,0.1176,56,22,109
MGF,0.0000,0.0000,0,0,1
MGE,0.0000,1.0000,0,6,0
TBP,1.0000,0.0000,2,0,0
TBS,0.3023,0.0000,13,0,30
MGH,1.0000,0.0000,2,0,0
TBU,0.0000,0.0000,0,0,2
MGM,0.7399,0.0867,128,15,30
MGR,1.0000,0.0000,4,0,0
MGW,0.7460,0.0635,47,4,12
TBN,0.6667,0.2000,10,3,2
GZT,0.7143,0.0000,5,0,2
LUQ,1.0000,0.0000,1,0,0
YHM,0.8750,0.0000,7,0,1
LUX,0.7143,0.0476,15,1,5
YHZ,0.1739,0.1087,16,10,66
LUD,1.0000,0.0000,1,0,0
LUG,1.0000,0.0000,4,0,0
LUH,1.0000,0.0000,1,0,0
LUN,0.4500,0.0000,9,0,11
YHU,1.0000,0.0000,3,0,0
LOS,0.1304,0.0000,3,0,20
CMF,0.6000,0.2000,3,1,1
CCP,0.3333,0.3333,1,1,1
TLS,0.4375,0.2188,14,7,11
VTE,0.7143,0.0000,5,0,2
TLV,0.3934,0.1469,166,62,194
GTF,0.5156,0.0938,33,6,25
TLC,0.3333,0.5833,4,7,1
GTR,0.7879,0.0606,26,2,5
GTY,0.0000,1.0000,0,1,0
TLH,0.6578,0.1027,173,27,63
TLN,0.3333,0.6667,1,2,0
TLL,0.2917,0.0417,7,1,16
KEM,1.0000,0.0000,1,0,0
KEJ,0.0000,0.0000,0,0,1
HVN,0.6549,0.1947,74,22,17
KEF,0.3106,0.1389,123,55,218
HVB,0.0000,0.0000,0,0,2
HVR,1.0000,0.0000,2,0,0
WBU,0.4444,0.5556,4,5,0
PCM,0.0000,1.0000,0,18,0
RBR,0.0000,0.0000,0,0,1
RBL,1.0000,0.0000,2,0,0
RBF,1.0000,0.0000,5,0,0
RBA,0.6316,0.0000,12,0,7
OTH,0.7660,0.0638,36,3,8
LGK,0.3846,0.0000,5,0,8
LGI,0.0000,0.0000,0,0,1
OTM,0.7500,0.2500,3,1,0
LGB,0.3760,0.1929,232,119,266
LGA,0.5048,0.0335,2303,153,2106
OTP,0.2644,0.0230,23,2,62
LGP,0.0000,0.0000,0,0,1
OTS,1.0000,0.0000,4,0,0
LGW,0.2388,0.0560,64,15,189
LGU,1.0000,0.0000,2,0,0
AXA,0.6923,0.0000,9,0,4
AXN,1.0000,0.0000,1,0,0
AXM,0.7143,0.0000,5,0,2
IWD,0.9000,0.0000,9,0,1
IWK,0.0000,0.0000,0,0,1
BOS,0.3877,0.0938,1562,378,2089
IAH,0.3312,0.1055,879,280,1495
IAD,0.3698,0.0819,524,116,777
IAG,0.8182,0.0909,18,2,2
IAS,0.3333,0.0000,1,0,2
MZT,0.3667,0.1000,33,9,48
PHL,0.4923,0.0925,1507,283,1271
ZAG,0.3714,0.0000,13,0,22
ZAD,1.0000,0.0000,4,0,0
PHF,0.7836,0.0896,210,24,34
PHX,0.3338,0.1630,1579,771,2381
ZAZ,1.0000,0.0000,1,0,0
MZL,0.6000,0.0000,3,0,2
PHW,1.0000,0.0000,1,0,0
SKT,0.0000,0.0000,0,0,2
SKP,0.2857,0.1429,2,1,4
SKG,0.5000,0.0000,7,0,7
SKB,0.2500,0.0500,5,1,14
GES,0.0000,0.0000,0,0,2
MFD,0.6667,0.3333,2,1,0
MFE,0.4964,0.2117,68,29,40
GET,0.0000,0.0000,0,0,1
JUJ,1.0000,0.0000,1,0,0
MFI,1.0000,0.0000,2,0,0
MFM,0.8788,0.0000,29,0,4
JUL,0.6250,0.0000,5,0,3
MFR,0.5825,0.0842,166,24,95
GEG,0.4991,0.1203,278,67,212
GED,0.0000,1.0000,0,4,0
GEO,0.2000,0.0000,5,0,20
ZOD,0.0000,1.0000,0,3,0
MHK,0.5909,0.0909,26,4,14
MHH,0.1111,0.0000,3,0,24
MHE,1.0000,0.0000,2,0,0
GKT,1.0000,0.0000,3,0,0
MHV,1.0000,0.0000,6,0,0
MHT,0.7370,0.1141,297,46,60
AND,0.0000,1.0000,0,1,0
ANE,0.5000,0.5000,1,1,0
ANF,0.0000,0.0000,0,0,1
NVT,0.0000,0.0000,0,0,2
LYR,0.0000,0.0000,0,0,1
ANB,1.0000,0.0000,8,0,0
ANC,0.3936,0.2426,172,106,159
ANK,1.0000,0.0000,3,0,0
ANU,0.3387,0.0968,21,6,35
ANP,0.0000,1.0000,0,2,0
ANR,1.0000,0.0000,4,0,0
ANX,0.0000,0.0000,0,0,2
TMP,0.0000,0.0000,0,0,1
TMS,0.5000,0.0000,1,0,1
TMU,0.0000,1.0000,0,1,0
GWT,1.0000,0.0000,1,0,0
KHV,0.3333,0.0000,1,0,2
VUP,0.0000,0.0000,0,0,4
GWY,1.0000,0.0000,16,0,0
KHI,0.0909,0.0000,3,0,30
XMN,0.1111,0.0000,4,0,32
LYB,0.0000,0.0000,0,0,1
HER,0.2727,0.0909,3,1,7
KRR,0.0000,0.0000,0,0,5
HEZ,1.0000,0.0000,4,0,0
KRK,0.3913,0.0870,18,4,24
KRN,0.2727,0.0000,3,0,8
HEL,0.3519,0.0370,19,2,33
YYT,0.1000,0.0000,1,0,9
VVC,0.8000,0.0000,4,0,1
BJM,0.0000,0.0000,0,0,4
BJL,0.5000,0.0000,1,0,1
BJI,0.6429,0.0714,9,1,4
YYZ,0.2589,0.0751,400,116,1029
BJV,0.5000,0.0000,1,0,1
YYG,0.0909,0.0000,1,0,10
YYF,1.0000,0.0000,1,0,0
BJS,1.0000,0.0000,1,0,0
YYC,0.2922,0.1353,149,69,292
YYB,0.5000,0.0000,2,0,2
YYN,1.0000,0.0000,1,0,0
BJZ,1.0000,0.0000,1,0,0
YYJ,0.6458,0.0729,62,7,27
HYA,0.7895,0.1316,30,5,3
EIS,0.4143,0.0857,29,6,35
HYD,0.2079,0.0000,21,0,80
HYS,0.9677,0.0323,30,1,0
RCB,0.0000,1.0000,0,1,0
EIN,1.0000,0.0000,2,0,0
OKA,0.4211,0.0000,8,0,11
FAY,0.5278,0.1389,95,25,60
FAR,0.7103,0.0514,152,11,51
INN,0.7391,0.0435,17,1,5
FAT,0.6726,0.1124,419,70,134
OWB,0.8571,0.0714,12,1,1
FAJ,0.0000,1.0000,0,4,0
FAI,0.4335,0.1618,75,28,70
FAO,0.9231,0.0000,12,0,1
FAE,1.0000,0.0000,1,0,0
SVC,0.9167,0.0000,11,0,1
VKO,0.0000,0.0000,0,0,6
YOW,0.2606,0.1152,43,19,103
LVI,0.4000,0.0000,2,0,3
LVK,0.3333,0.6667,1,2,0
POU,0.8571,0.1429,12,2,0
CCU,0.3830,0.0000,18,0,29
OAM,1.0000,0.0000,3,0,0
OAK,0.5895,0.2048,708,246,247
OAJ,0.4457,0.0870,41,8,43
CCS,0.0490,0.0000,5,0,97
CCR,1.0000,0.0000,19,0,0
CCJ,0.0000,0.0000,0,0,4
CCF,1.0000,0.0000,3,0,0
OAX,0.2360,0.0899,21,8,60
PIH,0.8246,0.0000,47,0,10
PIA,0.6636,0.1273,73,14,23
PIB,0.9286,0.0000,13,0,1
MYR,0.6758,0.1172,271,47,83
PIE,0.6962,0.3038,110,48,0
MYJ,1.0000,0.0000,1,0,0
PIR,0.6800,0.0000,17,0,8
PIS,1.0000,0.0000,1,0,0
PIT,0.5390,0.1127,636,133,411
MYD,1.0000,0.0000,3,0,0
WMH,1.0000,0.0000,1,0,0
ZPM,0.0000,1.0000,0,1,0
WMB,1.0000,0.0000,1,0,0
BZG,0.0000,0.0000,0,0,1
UBS,0.0000,1.0000,0,3,0
BOI,0.5028,0.1210,270,65,202
UBJ,1.0000,0.0000,1,0,0
JDH,0.6667,0.0000,4,0,2
MWZ,0.0000,0.0000,0,0,2
GJT,0.6748,0.0736,110,12,41
DET,1.0000,0.0000,16,0,0
MWA,0.8780,0.0976,36,4,1
DEL,0.3190,0.0000,111,0,237
DEN,0.3547,0.1525,1917,824,2663
SMF,0.5688,0.1192,864,181,474
MWH,1.0000,0.0000,18,0,0
DED,0.2500,0.0000,2,0,6
AMM,0.1845,0.0774,31,13,124
AMA,0.8264,0.0579,257,18,36
DOV,1.0000,0.0000,2,0,0
AMD,0.0857,0.0000,3,0,32
BOK,1.0000,0.0000,1,0,0
AMS,0.5061,0.0630,249,31,212
NWI,1.0000,0.0000,2,0,0
UPN,0.2000,0.0000,1,0,4
UPG,0.0000,0.0000,0,0,1
EJA,1.0000,0.0000,2,0,0
VCP,0.2000,0.0000,2,0,8
IVC,1.0000,0.0000,7,0,0
FNA,0.3333,0.0000,1,0,2
ACC,0.3333,0.0000,17,0,34
ACA,0.2308,0.0385,12,2,38
ACE,0.0000,0.0000,0,0,4
ACK,0.6364,0.0000,7,0,4
KUV,1.0000,0.0000,1,0,0
XNA,0.5706,0.0982,93,16,54
KUL,0.3286,0.0143,46,2,92
ACV,0.9024,0.0366,74,3,5
ACT,0.8219,0.1233,60,9,4
NEV,0.0000,0.0000,0,0,1
NEW,0.7500,0.2500,3,1,0
ACY,0.9431,0.0213,398,9,15
HFE,0.0000,0.0000,0,0,6
HFD,0.6579,0.3421,25,13,0
BKE,1.0000,0.0000,2,0,0
YXX,0.8000,0.1000,8,1,1
YXY,0.3000,0.1000,3,1,6
YXS,0.6667,0.0000,4,0,2
BKI,0.1667,0.0000,1,0,5
YXT,1.0000,0.0000,1,0,0
YXU,0.3810,0.0476,8,1,12
YXJ,0.6667,0.0000,4,0,2
YXH,0.5000,0.0000,1,0,1
BKW,0.9730,0.0270,36,1,0
YXC,1.0000,0.0000,2,0,0
BKX,1.0000,0.0000,6,0,0
YXE,0.1765,0.1765,3,3,11
VDZ,1.0000,0.0000,2,0,0
SJP,0.0000,0.0000,0,0,2
SJT,0.6716,0.0448,45,3,19
SJU,0.2395,0.2228,388,361,871
SJJ,0.2609,0.0870,6,2,15
SJK,1.0000,0.0000,1,0,0
SJO,0.4750,0.1455,418,128,334
SJC,0.5448,0.1829,986,331,493
MEM,0.6312,0.0980,599,93,257
SJD,0.2641,0.1788,192,130,405
MED,0.7273,0.0000,16,0,6
GDT,0.2500,0.0000,1,0,3
MEC,0.0000,0.0000,0,0,10
JRO,0.1333,0.0000,4,0,26
MEL,0.3271,0.1028,70,22,122
MEI,0.8333,0.0833,20,2,2
JRH,0.0000,0.0000,0,0,2
JRS,0.1250,0.8750,1,7,0
GDL,0.1300,0.0924,121,86,724
MEX,0.2285,0.0445,293,57,932
GDN,0.2500,0.0000,2,0,6
FLL,0.2661,0.2025,1192,907,2380
YNJ,0.0000,0.0000,0,0,2
LWS,0.4828,0.1034,14,3,12
YNG,0.9286,0.0714,26,2,0
LWT,1.0000,0.0000,2,0,0
LWO,0.0000,0.0000,0,0,7
LWB,1.0000,0.0000,7,0,0
LWC,0.7500,0.2500,3,1,0
TXN,0.0000,0.0000,0,0,1
TXL,0.4259,0.0370,92,8,116
TXK,0.7358,0.0943,39,5,9
TXG,1.0000,0.0000,4,0,0
AVV,0.0000,0.6667,0,2,1
TNR,0.0000,0.0000,0,0,1
GVA,0.3077,0.2051,60,40,95
TNG,0.7857,0.0714,11,1,2
TNA,0.0000,0.0000,0,0,1
TNO,0.0000,1.0000,0,2,0
TNN,1.0000,0.0000,3,0,0
HHR,0.0000,1.0000,0,5,0
KGS,0.0000,0.0000,0,0,2
LGQ,0.0000,0.0000,0,0,1
NKG,0.4545,0.0000,5,0,6
NKM,1.0000,0.0000,2,0,0
KGC,1.0000,0.0000,1,0,0
KGF,0.0000,0.0000,0,0,1
EZE,0.4809,0.0128,113,3,119
HHH,0.4681,0.3191,22,15,10
KGL,0.3000,0.0000,6,0,14
CPH,0.4081,0.0314,91,7,125
CPO,0.5000,0.5000,1,1,0
CPC,1.0000,0.0000,1,0,0
CKG,0.0000,0.0000,0,0,7
ZQN,0.7717,0.0978,71,9,12
WLM,0.0000,1.0000,0,1,0
CPQ,1.0000,0.0000,1,0,0
CPR,0.5593,0.0678,33,4,22
CPT,0.3978,0.1828,74,34,78
WLG,0.6829,0.0732,28,3,10
WRO,0.6667,0.0000,8,0,4
WRL,1.0000,0.0000,1,0,0
HZK,1.0000,0.0000,1,0,0
LLA,1.0000,0.0000,1,0,0
LAL,0.0000,1.0000,0,3,0
LAN,0.6449,0.0748,69,8,30
LAO,0.0000,0.0000,0,0,3
LAD,0.0000,0.0000,0,0,7
LAF,0.8333,0.1667,15,3,0
XBQ,0.0000,1.0000,0,1,0
OVB,0.6667,0.0000,4,0,2
SBZ,0.5000,0.0000,3,0,3
CKV,0.0000,1.0000,0,1,0
LAX,0.3261,0.1565,3087,1481,4897
OVD,0.5000,0.1667,3,1,2
LAW,0.6735,0.1020,33,5,11
LAP,0.5000,0.2143,14,6,8
LAR,0.8519,0.0741,23,2,2
LAS,0.5142,0.1060,4729,975,3493
DTL,1.0000,0.0000,1,0,0
DTA,1.0000,0.0000,2,0,0
DTW,0.4250,0.1099,793,205,868
DTT,0.1702,0.8298,8,39,0
JJN,0.3333,0.0000,1,0,2
BDL,0.4929,0.1061,418,90,340
PUY,0.5000,0.0000,1,0,1
IGU,0.4615,0.0769,12,2,12
IGS,0.0000,1.0000,0,1,0
IGR,0.5000,0.0667,15,2,13
FTW,1.0000,0.0000,2,0,0
FTE,0.4286,0.0286,15,1,19
IGM,1.0000,0.0000,55,0,0
CBB,0.1667,0.0000,1,0,5
CBE,1.0000,0.0000,4,0,0
CBO,0.0000,0.0000,0,0,1
MXP,0.3043,0.1691,63,35,109
CBR,0.2143,0.0714,3,1,10
MXL,0.8372,0.0465,36,2,5
SBM,0.8333,0.1667,5,1,0
BZV,0.0000,0.0000,0,0,1
SMX,0.8571,0.1270,54,8,1
SMR,0.7273,0.1212,24,4,5
SMO,0.3636,0.6364,4,7,0
BZE,0.3669,0.0473,62,8,99
BZO,0.6667,0.3333,2,1,0
BZN,0.5467,0.1315,158,38,93
GGT,0.3043,0.0000,7,0,16
JSA,1.0000,0.0000,2,0,0
MDL,0.6667,0.0000,6,0,3
MDC,1.0000,0.0000,1,0,0
MDG,0.0000,0.0000,0,0,1
MDE,0.3478,0.0217,64,4,116
MDZ,0.3636,0.0909,12,3,18
GGG,0.8448,0.1034,49,6,3
MDQ,0.0000,0.0000,0,0,1
MDW,0.7353,0.1176,475,76,95
MDT,0.7419,0.0546,299,22,82
JER,0.5000,0.0000,1,0,1
MVY,0.2308,0.1538,3,2,8
DFW,0.4078,0.1239,1850,562,2124
MVA,1.0000,0.0000,1,0,0
MVD,0.3800,0.2200,19,11,20
JED,0.4714,0.0357,66,5,69
MVN,1.0000,0.0000,16,0,0
NTY,1.0000,0.0000,3,0,0
ALO,0.7619,0.1190,32,5,5
ALM,1.0000,0.0000,25,0,0
ALF,0.0000,0.0000,0,0,1
ALG,0.4545,0.0909,5,1,5
ALE,1.0000,0.0000,1,0,0
ALB,0.6023,0.1172,365,71,170
ALC,0.3636,0.1818,4,2,5
ALA,0.1333,0.0000,2,0,13
NTL,0.5000,0.0000,1,0,1
ALY,1.0000,0.0000,3,0,0
ALV,1.0000,0.0000,2,0,0
ALW,0.5500,0.0000,11,0,9
NTE,0.3333,0.0000,2,0,4
ALS,0.9412,0.0000,16,0,1
TOY,1.0000,0.0000,2,0,0
TOS,0.3889,0.1111,7,2,9
TOP,0.7857,0.2143,11,3,0
TOV,0.0000,1.0000,0,1,0
KCH,0.0000,0.0000,0,0,2
TOL,0.7746,0.1479,110,21,11
TOA,0.0000,1.0000,0,4,0
HIR,1.0000,0.0000,2,0,0
NHA,1.0000,0.0000,4,0,0
QKZ,0.0000,1.0000,0,1,0
HIB,0.7778,0.0000,7,0,2
OFK,1.0000,0.0000,1,0,0
HII,0.8667,0.1333,13,2,0
HIJ,0.9091,0.0000,10,0,1
HIO,0.0000,1.0000,0,1,0
ABE,0.7500,0.1053,228,32,44
KTT,0.0000,0.3333,0,1,2
ABI,0.7255,0.0882,74,9,19
ABJ,0.0000,0.0000,0,0,4
KTW,0.8333,0.0000,5,0,1
HGR,0.9444,0.0556,34,2,0
ABQ,0.6368,0.1397,547,120,192
KTN,0.4000,0.1000,4,1,5
HGH,0.3684,0.0000,7,0,12
ABX,0.7500,0.2500,3,1,0
ABY,0.6585,0.1707,27,7,7
ABZ,0.3125,0.0625,5,1,10
BHI,0.0000,0.0000,0,0,2
BHJ,1.0000,0.0000,1,0,0
BHM,0.5273,0.1744,251,83,142
BHO,0.2500,0.0000,1,0,3
BHB,0.6923,0.0769,9,1,3
BHE,0.9167,0.0833,11,1,0
BHD,0.2000,0.1333,3,2,10
BHX,0.5500,0.0250,22,1,17
BHZ,0.0000,1.0000,0,1,0
BHS,1.0000,0.0000,1,0,0
EGS,0.0000,1.0000,0,3,0
EGE,0.6369,0.1607,107,27,34
LBV,0.0000,0.0000,0,0,4
RAO,1.0000,0.0000,1,0,0
RAL,0.0000,1.0000,0,18,0
RAK,0.5652,0.0435,26,2,18
RAI,0.0000,0.0000,0,0,5
LBA,0.8500,0.1000,17,2,1
LBB,0.7981,0.0385,166,8,34
RAR,1.0000,0.0000,3,0,0
RAP,0.7713,0.0532,145,10,33
LBF,0.9200,0.0000,23,0,2
LBL,1.0000,0.0000,8,0,0
YMQ,0.0000,1.0000,0,2,0
BFF,0.7143,0.0714,10,1,3
BFD,0.5000,0.0000,2,0,2
YMX,1.0000,0.0000,1,0,0
BFN,0.5000,0.0000,2,0,2
LPQ,0.5417,0.0000,13,0,11
BFL,0.8346,0.1038,217,27,16
BFS,0.9000,0.0500,18,1,1
EYP,0.0000,0.0000,0,0,1
LPL,0.8571,0.0000,12,0,2
EYW,0.6244,0.0837,276,37,129
BFT,0.5000,0.5000,1,1,0
YMM,0.1667,0.3333,1,2,3
LPB,0.4839,0.0000,15,0,16
LPA,0.5714,0.1429,4,1,2
TYL,0.5000,0.0000,1,0,1
TYN,1.0000,0.0000,1,0,0
TYO,1.0000,0.0000,56,0,0
VIE,0.5095,0.0667,107,14,89
VIJ,0.1429,0.0000,1,0,6
VIS,0.9412,0.0588,80,5,0
QYN,0.0000,1.0000,0,1,0
VIT,1.0000,0.0000,3,0,0
VIX,0.0000,0.0000,0,0,10
TYR,0.7857,0.0476,66,4,14
TYS,0.7688,0.1011,502,66,85
YPR,1.0000,0.0000,1,0,0
IFP,0.9730,0.0216,180,4,1
OCE,1.0000,0.0000,5,0,0
OCF,0.7037,0.2963,19,8,0
FUN,0.0000,0.0000,0,0,2
IFO,0.0000,0.0000,0,0,2
FUK,0.7500,0.0000,24,0,8
CEG,0.0000,1.0000,0,1,0
CEC,0.9744,0.0000,38,0,1
CEB,0.4483,0.0000,39,0,48
PKZ,1.0000,0.0000,1,0,0
CEN,0.8333,0.0000,10,0,2
CEK,0.5000,0.0000,2,0,2
CEI,0.5000,0.0000,6,0,6
PKB,0.9062,0.0938,29,3,0
CEU,1.0000,0.0000,3,0,0
GDV,1.0000,0.0000,5,0,0
CEZ,1.0000,0.0000,16,0,0
CSN,0.0000,1.0000,0,1,0
EDW,0.0000,1.0000,0,1,0
CSG,0.8312,0.1429,64,11,2
PMV,0.0000,0.0000,0,0,5
CSX,0.1250,0.0000,2,0,14
CGO,0.0000,0.0000,0,0,6
KTM,0.1282,0.0000,5,0,34
ABR,0.8462,0.0000,11,0,2
JBR,0.8235,0.0000,14,0,3
JBP,1.0000,0.0000,10,0,0
AES,1.0000,0.0000,1,0,0
GBE,0.0000,0.0000,0,0,2
CVF,1.0000,0.0000,1,0,0
MUC,0.4118,0.1581,112,43,117
MUB,1.0000,0.0000,1,0,0
PMD,0.3333,0.6667,2,4,0
DGA,0.5000,0.0000,1,0,1
ASW,0.6000,0.0000,9,0,6
ASU,0.2222,0.1111,2,1,6
AST,1.0000,0.0000,2,0,0
DGO,0.1071,0.0714,3,2,23
ASB,0.0000,0.0000,0,0,2
DGT,0.3333,0.0000,1,0,2
NUE,0.6341,0.1707,26,7,8
ASM,0.0000,0.0000,0,0,1
DUJ,1.0000,0.0000,4,0,0
DUB,0.4083,0.1687,167,69,173
DUD,0.6250,0.1250,5,1,2
DUG,1.0000,0.0000,1,0,0
DUR,0.2857,0.1714,10,6,19
DUS,0.4516,0.1613,42,15,36
OMC,1.0000,0.0000,2,0,0
ITO,0.4273,0.3364,47,37,26
OMA,0.4963,0.1232,270,67,207
ITM,0.7143,0.0000,10,0,4
ITH,0.4727,0.1636,26,9,20
OMR,0.0000,0.0000,0,0,2
AAL,0.0000,0.0000,0,0,3
AAN,1.0000,0.0000,3,0,0
AAT,1.0000,0.0000,1,0,0
AAR,1.0000,0.0000,4,0,0
BIO,0.2778,0.0556,5,1,12
BIL,0.5322,0.0760,91,13,67
BIM,0.5556,0.0000,5,0,4
KWE,0.3333,0.0000,1,0,2
BIH,1.0000,0.0000,12,0,0
KWI,0.2289,0.0602,19,5,59
KWL,0.2000,0.0000,1,0,4
BIA,1.0000,0.0000,2,0,0
KWT,1.0000,0.0000,1,0,0
BIX,0.0000,1.0000,0,1,0
QLJ,0.0000,1.0000,0,1,0
BIS,0.7126,0.1264,62,11,14
BIQ,0.0000,0.0000,0,0,4
SLZ,0.0000,0.0000,0,0,3
SLT,1.0000,0.0000,3,0,0
SLU,0.0000,0.5333,0,8,7
SLW,0.6250,0.3750,5,3,0
SLP,0.2941,0.0294,10,1,23
SLM,1.0000,0.0000,2,0,0
SLN,1.0000,0.0000,34,0,0
SLK,0.9744,0.0000,38,0,1
SLE,0.9692,0.0308,63,2,0
SLA,0.5714,0.0000,4,0,3
SLC,0.3566,0.1501,874,368,1209
MCO,0.4005,0.1656,3340,1381,3619
MCN,0.9333,0.0667,70,5,0
MCM,1.0000,0.0000,4,0,0
MCK,1.0000,0.0000,13,0,0
MCI,0.5631,0.1033,709,130,420
MCE,0.9259,0.0741,25,2,0
MCD,1.0000,0.0000,1,0,0
JPD,0.0000,1.0000,0,4,0
GFK,0.8095,0.0476,51,3,9
MCZ,0.5000,0.0000,1,0,1
MCY,0.3750,0.1250,3,1,4
MCW,1.0000,0.0000,18,0,0
MCT,0.1875,0.0625,12,4,48
MCP,0.0000,0.0000,0,0,2
YLW,0.3125,0.1625,25,13,42
BGE,0.0000,1.0000,0,2,0
BGI,0.3471,0.0826,42,10,69
BGM,0.7353,0.0882,50,6,12
BGO,0.6400,0.0800,16,2,7
BGR,0.6897,0.0920,60,8,19
LIG,1.0000,0.0000,1,0,0
BGY,0.8125,0.0000,13,0,3
VNO,0.3889,0.0556,7,1,10
TCL,1.0000,0.0000,2,0,0
VNS,0.5000,0.0000,1,0,1
NAT,0.0000,0.0000,0,0,2
VNY,1.0000,0.0000,14,0,0
VXO,1.0000,0.0000,1,0,0
THV,0.0000,1.0000,0,5,0
THS,0.6667,0.0000,2,0,1
GPZ,0.0000,1.0000,0,1,0
GPT,0.7797,0.0576,230,17,48
THE,0.0000,0.0000,0,0,4
GPS,0.2500,0.0000,6,0,18
KIX,0.8256,0.0000,161,0,34
KIS,0.2500,0.0000,1,0,3
TCB,0.0000,0.0000,0,0,3
KIV,0.0000,0.0000,0,0,17
KIJ,1.0000,0.0000,1,0,0
KIN,0.1100,0.1340,23,28,158
KIM,0.5000,0.0000,1,0,1
CRP,0.6636,0.0922,144,20,53
CRW,0.6286,0.0952,66,10,29
FDF,0.2444,0.3778,11,17,17
FDH,1.0000,0.0000,1,0,0
FDK,0.7500,0.2500,3,1,0
USN,1.0000,0.0000,2,0,0
CRG,1.0000,0.0000,1,0,0
FDY,0.0000,1.0000,0,1,0
CRK,0.5625,0.0000,9,0,7
CRI,0.0000,0.0000,0,0,1
CRL,0.2857,0.4286,2,3,2
WNP,0.2500,0.0000,1,0,3
WNZ,0.0000,0.0000,0,0,2
QXB,0.0000,1.0000,0,2,0
ZOM,0.0000,1.0000,0,1,0
EFK,1.0000,0.0000,4,0,0
EFD,1.0000,0.0000,5,0,0
RNO,0.8102,0.0566,1588,111,261
LCY,0.9196,0.0000,103,0,9
LCG,0.2500,0.1250,2,1,5
LCE,0.5000,0.5000,1,1,0
LCA,0.2295,0.0492,14,3,44
RNS,0.6667,0.0833,8,1,3
OPO,0.4677,0.0968,29,6,27
LCJ,0.0000,0.0000,0,0,1
LCK,1.0000,0.0000,9,0,0
LCH,0.9302,0.0116,160,2,10
RNT,0.0000,1.0000,0,4,0
DVL,1.0000,0.0000,5,0,0
DVO,0.2222,0.0000,4,0,14
DDC,0.9474,0.0000,18,0,1
OLB,0.5000,0.5000,1,1,0
OLF,1.0000,0.0000,1,0,0
IKT,0.5000,0.0000,1,0,1
OLM,0.6667,0.3333,6,3,0
OLS,0.5000,0.5000,2,2,0
AZA,0.4872,0.4615,19,18,2
IKK,1.0000,0.0000,1,0,0
LBE,0.3636,0.4545,4,5,2
ZHZ,0.0000,1.0000,0,1,0
LBG,1.0000,0.0000,3,0,0
OBE,0.0000,1.0000,0,3,0
IEV,0.7500,0.0000,3,0,1
ZHA,0.0000,0.0000,0,0,1
CDG,0.4351,0.0374,372,32,451
PLS,0.3026,0.1908,46,29,77
PLQ,1.0000,0.0000,1,0,0
CDC,0.9695,0.0076,127,1,3
HRK,0.1429,0.0000,1,0,6
PLZ,0.4348,0.2174,10,5,8
JST,0.4444,0.1111,4,1,4
CDV,0.0000,0.0000,0,0,2
CDW,0.0000,1.0000,0,3,0
PLB,1.0000,0.0000,3,0,0
CDR,0.7500,0.0000,3,0,1
PLO,0.0000,0.0000,0,0,2
PLN,0.8936,0.0426,42,2,3
PLK,0.3333,0.6667,1,2,0
PLJ,0.0000,0.0000,0,0,6
CDZ,0.0000,1.0000,0,1,0
BXU,1.0000,0.0000,1,0,0
IYK,0.9355,0.0645,29,2,0
MOT,0.7755,0.0204,38,1,10
MBL,1.0000,0.0000,4,0,0
PPG,0.2000,0.2000,1,1,3
PPE,1.0000,0.0000,12,0,0
SOF,0.3235,0.0882,11,3,20
GAU,0.0000,0.0000,0,0,4
MBA,0.4286,0.0000,3,0,4
PPM,0.0000,1.0000,0,12,0
SON,1.0000,0.0000,1,0,0
PPS,0.9375,0.0000,15,0,1
SOP,1.0000,0.0000,4,0,0
PPP,0.7273,0.0909,8,1,2
SOU,0.9167,0.0833,11,1,0
SOW,1.0000,0.0000,29,0,0
PPT,0.3462,0.2308,9,6,11
GAD,0.0000,1.0000,0,1,0
MBS,0.7619,0.0762,80,8,17
MTY,0.4072,0.0619,79,12,103
MTR,0.5000,0.0000,1,0,1
MTS,1.0000,0.0000,1,0,0
MTP,1.0000,0.0000,1,0,0
MTT,0.0000,0.0000,0,0,4
MTJ,0.4706,0.1176,32,8,28
MTH,0.5000,0.5000,1,1,0
MTO,1.0000,0.0000,4,0,0
ART,0.5294,0.1176,9,2,6
ARB,0.4000,0.6000,6,9,0
ARI,1.0000,0.0000,2,0,0
ARK,1.0000,0.0000,1,0,0
ARN,0.3412,0.0412,58,7,105
GSP,0.5243,0.1330,205,52,134
TIX,0.7500,0.2500,3,1,0
GST,0.0000,0.0000,0,0,1
TIU,1.0000,0.0000,5,0,0
TIV,0.5000,0.0000,1,0,1
TIW,0.0000,1.0000,0,3,0
TIR,0.5000,0.0000,1,0,1
TIJ,0.7007,0.0122,288,5,118
TIA,0.3077,0.0769,4,1,8
GSO,0.5450,0.1311,212,51,126
HKY,0.8654,0.1346,45,7,0
NNG,0.1667,0.0000,1,0,5
KHS,1.0000,0.0000,1,0,0
HKT,0.4802,0.0040,121,1,130
KHH,0.3333,0.0000,3,0,6
HKK,1.0000,0.0000,19,0,0
KHN,0.0000,0.0000,0,0,5
HKG,0.4567,0.0000,216,0,257
HKD,1.0000,0.0000,2,0,0
KMJ,0.5000,0.0000,1,0,1
KMI,0.0000,0.0000,0,0,1
KVA,0.0000,0.0000,0,0,1
BVX,1.0000,0.0000,2,0,0
BVB,0.0000,0.0000,0,0,1
BVA,1.0000,0.0000,2,0,0
ETH,0.7500,0.2500,6,2,0
CNS,0.3571,0.2286,25,16,29
ROM,0.4783,0.5217,11,12,0
ROA,0.7300,0.0684,192,18,53
ROB,0.0000,0.0000,0,0,1
ROC,0.4486,0.1189,166,44,160
LLW,0.2000,0.0000,3,0,12
OST,0.0000,1.0000,0,1,0
ROG,0.0000,1.0000,0,2,0
OSI,1.0000,0.0000,1,0,0
OSH,0.7500,0.2500,3,1,0
OSL,0.4886,0.0682,43,6,39
OSA,1.0000,0.0000,3,0,0
ROR,0.2500,0.0000,1,0,3
OSB,1.0000,0.0000,1,0,0
ROT,0.8929,0.1071,25,3,0
ROV,0.1250,0.0000,1,0,7
ROW,0.7500,0.0500,45,3,12
BDA,0.2917,0.0000,21,0,51
EWN,0.6479,0.0986,46,7,18
BDB,0.0000,0.0000,0,0,1
EWB,0.4000,0.6000,4,6,0
BDO,1.0000,0.0000,6,0,0
BDQ,0.4286,0.0000,3,0,4
BDS,0.0000,1.0000,0,1,0
BDR,0.5714,0.4286,16,12,0
EWR,0.3642,0.0949,1240,323,1842
YCG,1.0000,0.0000,9,0,0
YCD,0.6667,0.3333,2,1,0
VOG,0.0000,0.0000,0,0,1
LRD,0.7980,0.0808,79,8,12
ZLO,0.5000,0.0714,14,2,12
VOL,1.0000,0.0000,2,0,0
AIY,0.0000,1.0000,0,3,0
LRM,0.7273,0.0000,8,0,3
LRU,0.9583,0.0417,46,2,0
LRT,1.0000,0.0000,1,0,0
IDR,0.3333,0.0000,1,0,2
IDA,0.7971,0.0725,55,5,9
CGI,0.9545,0.0000,21,0,1
CGH,0.5238,0.0476,11,1,9
CGK,0.3143,0.0000,22,0,48
PMR,0.0000,0.0000,0,0,2
CGN,0.7143,0.0857,25,3,7
CGB,0.0000,0.0000,0,0,1
CGY,0.6667,0.0000,4,0,2
PMF,1.0000,0.0000,3,0,0
PMC,0.4667,0.3333,7,5,3
CGQ,0.0000,0.0000,0,0,2
CGS,0.0000,1.0000,0,1,0
CGR,0.8571,0.0000,6,0,1
PMI,0.1667,0.3333,3,6,9
CUU,0.4490,0.0612,22,3,24
CUR,0.3827,0.1481,31,12,38
FEN,1.0000,0.0000,1,0,0
CUZ,0.4423,0.0048,92,1,115
CUE,0.2857,0.1429,6,3,12
CUC,0.2000,0.0000,2,0,8
SQI,1.0000,0.0000,5,0,0
CUN,0.3085,0.1062,680,234,1290
CUL,0.2500,0.2083,6,5,13
FEZ,0.9286,0.0000,13,0,1
WIC,1.0000,0.0000,1,0,0
CIC,0.9348,0.0652,43,3,0
CIA,0.9333,0.0667,14,1,0
CIG,1.0000,0.0000,4,0,0
MSY,0.4964,0.0765,1109,171,954
CID,0.5838,0.0863,115,17,65
MSU,1.0000,0.0000,1,0,0
MST,1.0000,0.0000,4,0,0
MSS,0.4000,0.0000,4,0,6
MSQ,0.2632,0.0000,5,0,14
MSP,0.4575,0.1072,1016,238,967
MSO,0.4874,0.0756,58,9,52
MSN,0.6472,0.0406,255,16,123
MSL,1.0000,0.0000,7,0,0
CIU,0.7500,0.0000,6,0,2
SRF,0.0000,1.0000,0,2,0
CIX,0.3333,0.0000,2,0,4
MSC,0.2500,0.7500,1,3,0
DAD,0.6667,0.0000,20,0,10
AQP,0.5238,0.0000,11,0,10
DAB,0.6803,0.1148,332,56,100
DAC,0.0870,0.0000,2,0,21
DAL,0.5738,0.1574,412,113,193
DAN,1.0000,0.0000,1,0,0
DAV,0.2778,0.3333,5,6,7
DAR,0.2759,0.0000,8,0,21
DAY,0.4753,0.1195,183,46,156
AQJ,0.6667,0.2222,6,2,1
PKR,1.0000,0.0000,2,0,0
DWC,0.0000,0.1667,0,4,20
ULN,0.5000,0.0000,3,0,3
NDG,1.0000,0.0000,1,0,0
OOL,0.4286,0.1429,12,4,12
